Workbook

Sheet 01
A1: trial no. | B1: key_resp.corr | C1: key_resp.rt | D1: Accurate Trials | E1: trial no. | F1: seqRT | G1: ranRT
A2: 1 | B2: 1 | C2: 0.76896304 | D2: 389 | E2: 1 | F2: 0.76896304 | G2: 0.61055008
A3: 2 | B3: 1 | C3: 0.45096067 | E3: 2 | F3: 0.45096067 | G3: 0.53803654
A4: 3 | B4: 1 | C4: 0.44060971 | E4: 3 | F4: 0.44060971 | G4: 0.65546279
A5: 4 | B5: 1 | C5: 0.32653279 | E5: 4 | F5: 0.32653279 | G5: 0.50474738
A6: 5 | B6: 1 | C6: 0.29224929 | E6: 5 | F6: 0.29224929 | G6: 0.45272337
A7: 6 | B7: 1 | C7: 0.40926729 | E7: 6 | F7: 0.40926729 | G7: 1.1091924
A8: 7 | B8: 1 | C8: 0.38933138 | E8: 7 | F8: 0.38933138 | G8: 0.40968867
A9: 8 | B9: 1 | C9: 0.40007638 | E9: 8 | F9: 0.40007638 | G9: 0.8541775
A10: 10 | B10: 1 | C10: 0.41866458 | E10: 9 | F10: 0.41866458 | G10: 0.58748829
A11: 11 | B11: 1 | C11: 0.49689375 | E11: 10 | F11: 0.49689375 | G11: 0.44905896
A12: 12 | B12: 1 | C12: 0.374696 | E12: 11 | F12: 0.374696 | G12: 0.41539433
A13: 13 | B13: 1 | C13: 0.43450721 | E13: 12 | F13: 0.43450721 | G13: 0.420242
A14: 14 | B14: 1 | C14: 0.30381933 | E14: 13 | F14: 0.30381933 | G14: 0.53624537
... A193: 195 | B193: 1 | C193: 0.003689208 | E193: 192 | F193: 0.003689208 | G193: 0.36651408
A194: 196 | B194: 1 | C194: 0.060163 | E194: 193 | F194: 0.060163
A195: 197 | B195: 1 | C195: 0.22606625 | E195: 194 | F195: 0.22606625
A196: 198 | B196: 1 | C196: 0.31747675 | E196: 195 | F196: 0.31747675
A197: 199 | B197: 1 | C197: 0.44631862 | E197: 196 | F197: 0.44631862
A198: 200 | B198: 1 | C198: 0.28987108 | E198: 197 | F198: 0.28987108
A199: 201 | B199: 1 | C199: 0.61055008
A200: 202 | B200: 1 | C200: 0.53803654
A201: 203 | B201: 1 | C201: 0.65546279
A202: 204 | B202: 1 | C202: 0.50474738
A203: 205 | B203: 1 | C203: 0.45272337
A204: 206 | B204: 1 | C204: 1.1091924
A205: 207 | B205: 1 | C205: 0.40968867
A206: 208 | B206: 1 | C206: 0.8541775
A207: 209 | B207: 1 | C207: 0.58748829
A208: 210 | B208: 1 | C208: 0.44905896
A209: 211 | B209: 1 | C209: 0.41539433
A210: 212 | B210: 1 | C210: 0.420242
... A390: 400 | B390: 1 | C390: 0.36651408

Sheet 02
A1: trial no. | B1: key_resp.corr | C1: key_resp.rt | D1: Accurate Trials | E1: trial no. | F1: seqRT | G1: ranRT
A2: 1 | B2: 1 | C2: 4.0272339 | D2: 395 | E2: 1 | F2: 4.0272339 | G2: 0.3777035
A3: 2 | B3: 1 | C3: 0.53275929 | E3: 2 | F3: 0.53275929 | G3: 1.2870146
A4: 3 | B4: 1 | C4: 0.55990633 | E4: 3 | F4: 0.55990633 | G4: 0.78738812
A5: 4 | B5: 1 | C5: 0.77796425 | E5: 4 | F5: 0.77796425 | G5: 0.56481071
A6: 5 | B6: 1 | C6: 0.38956917 | E6: 5 | F6: 0.38956917 | G6: 0.34206875
A7: 6 | B7: 1 | C7: 0.40245088 | E7: 6 | F7: 0.40245088 | G7: 0.56002796
A8: 7 | B8: 1 | C8: 0.40357662 | E8: 7 | F8: 0.40357662 | G8: 0.38813437
A9: 8 | B9: 1 | C9: 0.40362879 | E9: 8 | F9: 0.40362879 | G9: 0.61034229
A10: 9 | B10: 1 | C10: 0.37212183 | E10: 9 | F10: 0.37212183 | G10: 0.52658879
A11: 10 | B11: 1 | C11: 0.43034142 | E11: 10 | F11: 0.43034142 | G11: 0.58492779
A12: 11 | B12: 1 | C12: 0.382742 | E12: 11 | F12: 0.382742 | G12: 0.63240408
A13: 12 | B13: 1 | C13: 0.35434179 | E13: 12 | F13: 0.35434179 | G13: 0.56452829
A14: 13 | B14: 1 | C14: 0.35956675 | E14: 13 | F14: 0.35956675 | G14: 0.51113642
... A197: 197 | B197: 1 | C197: 0.40700725 | E197: 196 | F197: 0.40700725 | G197: 0.48154883
A198: 198 | B198: 1 | C198: 0.3628725 | E198: 197 | F198: 0.3628725
A199: 199 | B199: 1 | C199: 0.42218021 | E199: 198 | F199: 0.42218021
A200: 200 | B200: 1 | C200: 0.42196996 | E200: 199 | F200: 0.42196996
A201: 201 | B201: 1 | C201: 0.3777035
A202: 202 | B202: 1 | C202: 1.2870146
A203: 203 | B203: 1 | C203: 0.78738812
A204: 204 | B204: 1 | C204: 0.56481071
A205: 205 | B205: 1 | C205: 0.34206875
A206: 206 | B206: 1 | C206: 0.56002796
A207: 207 | B207: 1 | C207: 0.38813437
A208: 208 | B208: 1 | C208: 0.61034229
A209: 209 | B209: 1 | C209: 0.52658879
A210: 210 | B210: 1 | C210: 0.58492779
A211: 211 | B211: 1 | C211: 0.63240408
A212: 213 | B212: 1 | C212: 0.56452829
... A396: 400 | B396: 1 | C396: 0.48154883

Sheet 03
A1: trial no. | B1: key_resp.corr | C1: key_resp.rt | D1: Accurate Trials | E1: trial no. | F1: seqRT | G1: ranRT
A2: 1 | B2: 1 | C2: 0.56554263 | D2: 389 | E2: 1 | F2: 0.56554263 | G2: 0.55813442
A3: 2 | B3: 1 | C3: 0.52628254 | E3: 2 | F3: 0.52628254 | G3: 0.88851142
A4: 3 | B4: 1 | C4: 0.46028054 | E4: 3 | F4: 0.46028054 | G4: 0.25201633
A5: 4 | B5: 1 | C5: 0.61385537 | E5: 4 | F5: 0.61385537 | G5: 0.58610912
A6: 5 | B6: 1 | C6: 0.42988612 | E6: 5 | F6: 0.42988612 | G6: 0.43598529
A7: 6 | B7: 1 | C7: 0.26557217 | E7: 6 | F7: 0.26557217 | G7: 0.49762858
A8: 7 | B8: 1 | C8: 0.5527325 | E8: 7 | F8: 0.5527325 | G8: 0.62591792
A9: 8 | B9: 1 | C9: 0.47649254 | E9: 8 | F9: 0.47649254 | G9: 0.56364117
A10: 9 | B10: 1 | C10: 0.30733787 | E10: 9 | F10: 0.30733787 | G10: 0.968661
A11: 10 | B11: 1 | C11: 0.25758321 | E11: 10 | F11: 0.25758321 | G11: 0.336235
A12: 11 | B12: 1 | C12: 0.39082438 | E12: 11 | F12: 0.39082438 | G12: 0.61699921
A13: 12 | B13: 1 | C13: 0.56393583 | E13: 12 | F13: 0.56393583 | G13: 0.45432546
A14: 13 | B14: 1 | C14: 0.28816171 | E14: 13 | F14: 0.28816171 | G14: 0.42070042
... A191: 194 | B191: 1 | C191: 0.54533496 | E191: 190 | F191: 0.54533496 | G191: 0.80747588
A192: 195 | B192: 1 | C192: 0.28253362 | E192: 191 | F192: 0.28253362
A193: 196 | B193: 1 | C193: 0.23059217 | E193: 192 | F193: 0.23059217
A194: 197 | B194: 1 | C194: 0.14959312 | E194: 193 | F194: 0.14959312
A195: 198 | B195: 1 | C195: 0.20669637 | E195: 194 | F195: 0.20669637
A196: 199 | B196: 1 | C196: 0.29797354 | E196: 195 | F196: 0.29797354
A197: 200 | B197: 1 | C197: 0.224804 | E197: 196 | F197: 0.224804
A198: 202 | B198: 1 | C198: 0.34286104
A199: 203 | B199: 1 | C199: 0.62270417
A200: 204 | B200: 1 | C200: 0.77850629
A201: 205 | B201: 1 | C201: 0.55813442
A202: 206 | B202: 1 | C202: 0.88851142
A203: 207 | B203: 1 | C203: 0.25201633
A204: 208 | B204: 1 | C204: 0.58610912
A205: 209 | B205: 1 | C205: 0.43598529
A206: 210 | B206: 1 | C206: 0.49762858
A207: 211 | B207: 1 | C207: 0.62591792
A208: 212 | B208: 1 | C208: 0.56364117
A209: 213 | B209: 1 | C209: 0.968661
... A390: 400 | B390: 1 | C390: 0.80747588

Sheet 04
A1: trial no. | B1: key_resp.corr | C1: key_resp.rt | D1: Accurate Trials | E1: trial no. | F1: seqRT | G1: ranRT
A2: 1 | B2: 1 | C2: 1.0648521 | D2: 385 | E2: 1 | F2: 1.0648521 | G2: 0.61923525
A3: 2 | B3: 1 | C3: 0.45604133 | E3: 2 | F3: 0.45604133 | G3: 0.57222079
A4: 3 | B4: 1 | C4: 0.69694654 | E4: 3 | F4: 0.69694654 | G4: 0.55367775
A5: 4 | B5: 1 | C5: 0.41907379 | E5: 4 | F5: 0.41907379 | G5: 0.42428862
A6: 5 | B6: 1 | C6: 0.56056454 | E6: 5 | F6: 0.56056454 | G6: 0.53158371
A7: 6 | B7: 1 | C7: 0.31392883 | E7: 6 | F7: 0.31392883 | G7: 0.71713367
A8: 7 | B8: 1 | C8: 0.615867 | E8: 7 | F8: 0.615867 | G8: 0.61563042
A9: 8 | B9: 1 | C9: 0.31958442 | E9: 8 | F9: 0.31958442 | G9: 1.0080078
A10: 9 | B10: 1 | C10: 0.52822421 | E10: 9 | F10: 0.52822421 | G10: 0.50218796
A11: 10 | B11: 1 | C11: 0.30808046 | E11: 10 | F11: 0.30808046 | G11: 0.39650596
A12: 11 | B12: 1 | C12: 0.36079621 | E12: 11 | F12: 0.36079621 | G12: 0.41034375
A13: 12 | B13: 1 | C13: 0.24321817 | E13: 12 | F13: 0.24321817 | G13: 0.63856883
A14: 13 | B14: 1 | C14: 0.45400317 | E14: 13 | F14: 0.45400317 | G14: 0.60451696
... A192: 197 | B192: 1 | C192: 0.37245842 | E192: 191 | F192: 0.37245842 | G192: 0.41377583
A193: 198 | B193: 1 | C193: 0.36729792 | E193: 192 | F193: 0.36729792
A194: 199 | B194: 1 | C194: 0.59173608 | E194: 193 | F194: 0.59173608
A195: 200 | B195: 1 | C195: 0.40384567 | E195: 194 | F195: 0.40384567
A196: 201 | B196: 1 | C196: 0.61923525
A197: 202 | B197: 1 | C197: 0.57222079
A198: 204 | B198: 1 | C198: 0.55367775
A199: 205 | B199: 1 | C199: 0.42428862
A200: 206 | B200: 1 | C200: 0.53158371
A201: 207 | B201: 1 | C201: 0.71713367
A202: 208 | B202: 1 | C202: 0.61563042
A203: 209 | B203: 1 | C203: 1.0080078
A204: 210 | B204: 1 | C204: 0.50218796
A205: 211 | B205: 1 | C205: 0.39650596
A206: 212 | B206: 1 | C206: 0.41034375
A207: 213 | B207: 1 | C207: 0.63856883
... A386: 400 | B386: 1 | C386: 0.41377583

Sheet 05
A1: trial no. | B1: key_resp.corr | C1: key_resp.rt | D1: Accurate Trials | E1: trial no. | F1: seqRT | G1: ranRT
A2: 1 | B2: 1 | C2: 1.0235279 | D2: 392 | E2: 1 | F2: 1.0235279 | G2: 0.42449175
A3: 2 | B3: 1 | C3: 0.55869321 | E3: 2 | F3: 0.55869321 | G3: 0.4473285
A4: 3 | B4: 1 | C4: 0.77972121 | E4: 3 | F4: 0.77972121 | G4: 0.49719954
A5: 4 | B5: 1 | C5: 0.672439 | E5: 4 | F5: 0.672439 | G5: 0.45407121
A6: 5 | B6: 1 | C6: 0.62611417 | E6: 5 | F6: 0.62611417 | G6: 0.44620521
A7: 6 | B7: 1 | C7: 0.54494262 | E7: 6 | F7: 0.54494262 | G7: 0.50143638
A8: 7 | B8: 1 | C8: 0.52162429 | E8: 7 | F8: 0.52162429 | G8: 0.58708954
A9: 8 | B9: 1 | C9: 0.54840742 | E9: 8 | F9: 0.54840742 | G9: 0.61252538
A10: 9 | B10: 1 | C10: 0.54530392 | E10: 9 | F10: 0.54530392 | G10: 0.62632
A11: 10 | B11: 1 | C11: 0.43411879 | E11: 10 | F11: 0.43411879 | G11: 0.58871554
A12: 11 | B12: 1 | C12: 0.57008342 | E12: 11 | F12: 0.57008342 | G12: 0.49446167
A13: 12 | B13: 1 | C13: 0.47323788 | E13: 12 | F13: 0.47323788 | G13: 0.70339863
A14: 13 | B14: 1 | C14: 0.64802738 | E14: 13 | F14: 0.64802738 | G14: 0.86857888
... A196: 200 | B196: 1 | C196: 0.51312508 | E196: 195 | F196: 0.51312508 | G196: 0.43613583
A197: 201 | B197: 1 | C197: 0.42449175 | E197: 196 | G197: 0.54175379
A198: 202 | B198: 1 | C198: 0.4473285 | E198: 197 | G198: 0.50950225
A199: 203 | B199: 1 | C199: 0.49719954
A200: 204 | B200: 1 | C200: 0.45407121
A201: 205 | B201: 1 | C201: 0.44620521
A202: 206 | B202: 1 | C202: 0.50143638
A203: 207 | B203: 1 | C203: 0.58708954
A204: 208 | B204: 1 | C204: 0.61252538
A205: 209 | B205: 1 | C205: 0.62632
A206: 210 | B206: 1 | C206: 0.58871554
A207: 211 | B207: 1 | C207: 0.49446167
A208: 212 | B208: 1 | C208: 0.70339863
A209: 213 | B209: 1 | C209: 0.86857888
A210: 214 | B210: 1 | C210: 0.53797163
... A393: 400 | B393: 1 | C393: 0.50950225

Sheet Combined Analysis
A1: Participant | B1: No. of Accurate Trials
A2: 1 | B2: 389
A3: 2 | B3: 395
A4: 3 | B4: 389
A5: 4 | B5: 385
A6: 5 | B6: 392
A8: Participant | B8: SeqRT STD DEV | C8: RanRT STD DEV
A9: 1 | B9: =_xlfn.STDEV.S('01'!F2:F198) -> 0.10231602 | C9: =_xlfn.STDEV.S('01'!G2:G193) -> 0.27687137
A10: 2 | B10: =_xlfn.stdev.s('02'!F2:F200) -> 0.33055905 | C10: =_xlfn.stdev.s('02'!G2:G197) -> 0.47656928
A11: 3 | B11: =_xlfn.STDEV.S('03'!F2:F197) -> 0.13180663 | C11: =_xlfn.stdev.s('03'!G2:G191) -> 0.40418427
A12: 4 | B12: =_xlfn.stdev.s('04'!F2:F195) -> 0.12239427 | C12: =_xlfn.stdev.s('04'!G2:G192) -> 0.17901099
A13: 5 | B13: =_xlfn.STDEV.S('05'!F2:F196) -> 0.24306532 | C13: =_xlfn.stdev.s('05'!G2:G198) -> 0.36131673
A15: Participant | B15: SeqRT Mean | C15: RanRT Mean | D15: Difference
A16: 1 | B16: =average('01'!F2:F198) -> 0.25967922 | C16: =average('01'!G2:G193) -> 0.49531196 | D16: =C16-B16 -> 0.23563274
A17: 2 | B17: =average('02'!F2:F200) -> 0.43904592 | C17: =average('02'!G2:G197) -> 0.66665292 | D17: =C17-B17 -> 0.227607
A18: 3 | B18: =average('03'!F2:F197) -> 0.26373175 | C18: =average('03'!G2:G191) -> 0.54834596 | D18: =C18-B18 -> 0.28461421
A19: 4 | B19: =average('04'!F2:F195) -> 0.45251561 | C19: =average('04'!G2:G192) -> 0.53685956 | D19: =C19-B19 -> 0.084343954
A20: 5 | B20: =average('05'!F2:F196) -> 0.52592205 | C20: =average('05'!G2:G198) -> 0.55010409 | D20: =C20-B20 -> 0.024182032
