Workbook

Sheet OASIS data
B1: Theme | C1: Category | D1: Source | E1: Valence_mean | F1: Valence_SD | G1: Valence_N | H1: Arousal_mean | I1: Arousal_SD | J1: Arousal_N
A2: I743 | B2: Siblings 1 | C2: Person | D2: Pixabay | E2: 6.2037037 | F2: 1.0024201 | G2: 108 | H2: 3.9807692 | I2: 1.8642303 | J2: 104
A3: I287 | B3: Dummy 1 | C3: Object | D3: Flickr/Christopher Michel | E3: 1.1574074 | F3: 0.54963092 | G3: 108 | H3: 5.2019231 | I3: 2.3786257 | J3: 104
A4: I32 | B4: Baby 1 | C4: Person | D4: Pixabay | E4: 6.1759259 | F4: 0.9937064 | G4: 108 | H4: 4.0865385 | I4: 1.7687173 | J4: 104
A5: I36 | B5: Baby 5 | C5: Person | D5: Pixabay | E5: 6.1388889 | F5: 1.0630439 | G5: 108 | H5: 3.7211538 | I5: 1.8299384 | J5: 104
A6: I505 | B6: Mother 1 | C6: Person | D6: Pixabay | E6: 6.1078431 | F6: 1.1596078 | G6: 102 | H6: 4.0891089 | I6: 1.7498515 | J6: 101
A7: I276 | B7: Dog 26 | C7: Animal | D7: Flickr/virtualcorey | E7: 1.2962963 | F7: 0.6871213 | G7: 108 | H7: 4.8557692 | I7: 2.3041468 | J7: 104
A8: I39 | B8: Baby 8 | C8: Person | D8: Pixabay | E8: 6.1018519 | F8: 1.1185757 | G8: 108 | H8: 3.9230769 | I8: 1.8522739 | J8: 104
A9: I510 | B9: Mother 6 | C9: Person | D9: Pixabay | E9: 6.0784314 | F9: 1.1577229 | G9: 102 | H9: 4.4455446 | I9: 1.7232252 | J9: 101
A10: I620 | B10: Picnic 1 | C10: Person | D10: Pixabay | E10: 6.0594059 | F10: 1.075377 | G10: 101 | H10: 3.7281553 | I10: 1.7500374 | J10: 103
A11: I508 | B11: Mother 4 | C11: Person | D11: Pixabay | E11: 6.0490196 | F11: 1.1636189 | G11: 102 | H11: 4.0891089 | I11: 1.7210404 | J11: 101
A12: I37 | B12: Baby 6 | C12: Person | D12: Pixabay | E12: 6.0462963 | F12: 0.98951758 | G12: 108 | H12: 3.6538462 | I12: 1.7668426 | J12: 104
A13: I326 | B13: Fire 9 | C13: Scene | D13: Pixabay | E13: 1.4705882 | F13: 0.74069652 | G13: 102 | H13: 5.1485149 | I13: 1.8888416 | J13: 101
... A901: I256 | B901: Dog 6 | C901: Animal | D901: Pixabay | E901: 6.4901961 | F901: 0.78026523 | G901: 102 | H901: 5.029703 | I901: 1.7231102 | J901: 101

Sheet Conditions
A2: Phase 1 requirement | B2: 48 | D2: Phase 2 requirement | E2: =72-48 -> 24 | H2: Phase 1 requirement | I2: Phase 2 requirement | J2: Total requirements
A3: Category: Person | B3: =48/4 -> 12 | D3: Category: Person | E3: =24/4 -> 6 | G3: Category: Person | H3: =48/4 -> 12 | I3: =24/4 -> 6 | J3: =J10/4 -> 18 | M3: Min valence | N3: 1.1980198 | P3: Min arousal | Q3: 2.2038835 | S3: Valence | V3: Arousal
A4: Category: Object | B4: =48/4 -> 12 | D4: Category: Object | E4: =24/4 -> 6 | G4: Category: Object | H4: =48/4 -> 12 | I4: =24/4 -> 6 | J4: 18 | M4: Max valence | N4: 5.2254902 | P4: Max arousal | Q4: 5.1485149 | S4: Minimum | T4: Mean | U4: Maximum | V4: Minimum | W4: Mean | X4: Maximum
S5: Phase 1
A6: Category: Animal | B6: =48/4 -> 12 | D6: Category: Animal | E6: =24/4 -> 6 | G6: Category: Animal | H6: =48/4 -> 12 | I6: =24/4 -> 6 | J6: 18 | M6: Average valence | N6: 3.4580549 | P6: Average arousal | Q6: 3.7924765 | S6: 1.1980198 | T6: 3.4580549 | U6: 5.2254902 | V6: 2.2038835 | W6: 3.7924765 | X6: 5.1485149
A7: Category: Scene | B7: =48/4 -> 12 | D7: Category: Scene | E7: =24/4 -> 6 | G7: Category: Scene | H7: =48/4 -> 12 | I7: =24/4 -> 6 | J7: 18 | S7: Phase 2
A8: Valence: Low end | B8: =48/2 -> 24 | D8: Valence: Low end | E8: =12 -> 12 | G8: Valence: Low end | H8: =48/2 -> 24 | I8: =12 -> 12 | J8: =J10/2 -> 36 | K8: =J8/4 -> 9 | M8: Min valence | N8: 1.2475248 | P8: Min arousal | Q8: 2.1089109 | S8: 1.2475248 | T8: 3.4509541 | U8: 5.1372549 | V8: 2.1089109 | W8: 3.8054559 | X8: 5.4554455
A9: Valence: Mid | B9: =48/2 -> 24 | D9: Valence: Mid | E9: =12 -> 12 | G9: Valence: Mid range | H9: =48/2 -> 24 | I9: =12 -> 12 | J9: 36 | K9: =J9/4 -> 9 | M9: Max valence | N9: 5.1372549 | P9: Max arousal | Q9: 5.4554455
G10: Total requirements | H10: 48 | I10: =72-48 -> 24 | J10: =72 -> 72 | M10: Average valence | N10: 3.4509541 | P10: Average arousal | Q10: 3.8054559
A12: OASIS descriptives | B12: Value
A13: Mean valence | B13: =average('OASIS data'!E2:E901) -> 4.3312491 | M13: Category of Stimuli | N13: Min. Valence of Negative Images | O13: Max. Valence of Negative Images | P13: Min. Arousal of Negative Images | Q13: Max. Arousal of Negative Images | R13: Min. Valence of Neutral Images | S13: Max. Valence of Neutral Images | T13: Min. Arousal of Neutral Images | U13: Max. Arousal of Neutral Images
A14: Minimum valence | B14: =min('OASIS data'!E2:E901) -> 1.1078431 | M14: Person | N14: ='Selected data'!E2 -> 1.1980198 | O14: 2.8217822 | P14: =MIN('Selected data'!H2:H10) -> 3.4851485 | Q14: =MAX('Selected data'!H2:H10) -> 5.019802 | R14: 4.7685185 | S14: 5.1470588 | T14: =MIN('Selected data'!H11:H19) -> 3.0097087 | U14: =MIN('Selected data'!H11:H19) -> 3.0097087
A15: Maximum valence | B15: =max('OASIS data'!E2:E901) -> 6.4901961 | M15: Object | N15: 2.0098039 | O15: 2.9215686 | P15: =MIN('Selected data'!H20:H28) -> 3.0693069 | Q15: =MAX('Selected data'!H20:H28) -> 4.5445545 | R15: 4.2574257 | S15: 5.2254902 | T15: =MIN('Selected data'!I29:I37) -> 1.3657769 | U15: =MIN('Selected data'!H29:H37) -> 2.1089109
A16: Average standard deviation for valence | B16: =average('OASIS data'!F2:F901) -> 1.1048197 | M16: Animal | N16: 1.8921569 | O16: 2.9019608 | P16: =MIN('Selected data'!H38:H46) -> 3.7692308 | Q16: =MAX('Selected data'!H38:H46) -> 5.0891089 | R16: 4.0686275 | S16: 5.1851852 | T16: =MIN('Selected data'!I47:I55) -> 1.5232846 | U16: =MIN('Selected data'!H47:H55) -> 2.8019802
A17: Mean arousal | B17: =average('OASIS data'!H2:H901) -> 3.6680985 | M17: Scene | N17: 1.4705882 | O17: 2.2352941 | P17: =MIN('Selected data'!H56:H64) -> 3.7326733 | Q17: =MAX('Selected data'!H56:H64) -> 5.4554455 | R17: 4.1296296 | S17: 5.1584158 | T17: =MIN('Selected data'!I65:I73) -> 1.3986818 | U17: =MIN('Selected data'!H65:H73) -> 2.25
A18: Minimum arousal | B18: =min('OASIS data'!H2:H901) -> 1.6930693 | M18: Average | N18: =average(N14:N17) -> 1.6426422 | O18: =average(O14:O17) -> 2.7201514 | P18: =AVERAGE(P14:P17) -> 3.5140899 | Q18: =AVERAGE(Q14:Q17) -> 5.0272277 | R18: =average(R14:R17) -> 4.3060503 | S18: =average(S14:S17) -> 5.1790375 | T18: =AVERAGE(T14:T17) -> 1.824363 | U18: =AVERAGE(U14:U17) -> 2.54265
A19: Maximum arousal | B19: =MAX('OASIS data'!H2:H901) -> 5.7227723
A20: Average standard deviation for arousal | B20: =AVERAGE('OASIS data'!I2:I901) -> 1.6774275

Sheet Selected data
B1: Theme | C1: Category | D1: Source | E1: Valence_mean | F1: Valence_SD | G1: Valence_N | H1: Arousal_mean | I1: Arousal_SD | J1: Arousal_N
A2: I208 | B2: Dead bodies 1 | C2: Person | D2: Wikipedia | E2: 1.1980198 | F2: 0.73511634 | G2: 101 | H2: 4.5145631 | I2: 2.4847144 | J2: 103
A3: I209 | B3: Dead bodies 2 | C3: Person | D3: Wikipedia | E3: 1.2475248 | F3: 0.698655 | G3: 101 | H3: 4.4757282 | I3: 2.3715828 | J3: 103
A4: I869 | B4: War 6 | C4: Person | D4: Pixabay | E4: 1.3921569 | F4: 0.88055858 | G4: 102 | H4: 5.019802 | I4: 2.0687204 | J4: 101
A5: I725 | B5: Severed finger 1 | C5: Person | D5: Wikipedia | E5: 1.6732673 | F5: 0.90674044 | G5: 101 | H5: 4.368932 | I5: 2.3304897 | J5: 103
A6: I696 | B6: Sad face 9 | C6: Person | D6: Pixabay | E6: 2.3148148 | F6: 0.90324594 | G6: 108 | H6: 4.2596154 | I6: 1.8380825 | J6: 104
A7: I641 | B7: Police 2 | C7: Person | D7: Pixabay | E7: 2.3888889 | F7: 1.2592338 | G7: 108 | H7: 4.5673077 | I7: 1.7557917 | J7: 104
A8: I789 | B8: Soldiers 8 | C8: Person | D8: Pixabay | E8: 2.5092593 | F8: 1.2035413 | G8: 108 | H8: 3.9326923 | I8: 1.7750396 | J8: 104
A9: I363 | B9: Frustrated pose 2 | C9: Person | D9: Pixabay | E9: 2.6372549 | F9: 0.8650441 | G9: 102 | H9: 3.4851485 | I9: 1.6589989 | J9: 101
A10: I154 | B10: Child labor 2 | C10: Person | D10: Pixabay | E10: 2.8217822 | F10: 1.1260199 | G10: 101 | H10: 3.6504854 | I10: 1.7971041 | J10: 103
A11: I360 | B11: Football player 1 | C11: Person | D11: Pixabay | E11: 4.7685185 | F11: 1.1966189 | G11: 108 | H11: 3.5769231 | I11: 1.5930206 | J11: 104
A12: I843 | B12: Toast 1 | C12: Person | D12: Pixabay | E12: 4.8019802 | F12: 1.2885636 | G12: 101 | H12: 3.6699029 | I12: 1.5300157 | J12: 103
A13: I301 | B13: Exercise 3 | C13: Person | D13: Pixabay | E13: 4.8333333 | F13: 1.1864193 | G13: 102 | H13: 4.2970297 | I13: 1.5782557 | J13: 101
... A73: I404 | B73: Grass 6 | C73: Scene | D73: Pixabay | E73: 5.1584158 | F73: 1.074548 | G73: 101 | H73: 2.8543689 | I73: 1.7954614 | J73: 103

Sheet Phase 1
B1: Theme | C1: Category | D1: Source | E1: Valence_mean | F1: Valence_SD | G1: Valence_N | H1: Arousal_mean | I1: Arousal_SD | J1: Arousal_N
A2: I208 | B2: Dead bodies 1 | C2: Person | D2: Wikipedia | E2: 1.1980198 | F2: 0.73511634 | G2: 101 | H2: 4.5145631 | I2: 2.4847144 | J2: 103
A3: I869 | B3: War 6 | C3: Person | D3: Pixabay | E3: 1.3921569 | F3: 0.88055858 | G3: 102 | H3: 5.019802 | I3: 2.0687204 | J3: 101
A4: I725 | B4: Severed finger 1 | C4: Person | D4: Wikipedia | E4: 1.6732673 | F4: 0.90674044 | G4: 101 | H4: 4.368932 | I4: 2.3304897 | J4: 103
A5: I641 | B5: Police 2 | C5: Person | D5: Pixabay | E5: 2.3888889 | F5: 1.2592338 | G5: 108 | H5: 4.5673077 | I5: 1.7557917 | J5: 104
A6: I789 | B6: Soldiers 8 | C6: Person | D6: Pixabay | E6: 2.5092593 | F6: 1.2035413 | G6: 108 | H6: 3.9326923 | I6: 1.7750396 | J6: 104
A7: I154 | B7: Child labor 2 | C7: Person | D7: Pixabay | E7: 2.8217822 | F7: 1.1260199 | G7: 101 | H7: 3.6504854 | I7: 1.7971041 | J7: 103
A8: I360 | B8: Football player 1 | C8: Person | D8: Pixabay | E8: 4.7685185 | F8: 1.1966189 | G8: 108 | H8: 3.5769231 | I8: 1.5930206 | J8: 104
A9: I301 | B9: Exercise 3 | C9: Person | D9: Pixabay | E9: 4.8333333 | F9: 1.1864193 | G9: 102 | H9: 4.2970297 | I9: 1.5782557 | J9: 101
A10: I42 | B10: Band 1 | C10: Person | D10: Pixabay | E10: 4.8712871 | F10: 1.1105257 | G10: 101 | H10: 3.0097087 | I10: 1.417642 | J10: 103
A11: I658 | B11: Rafting 6 | C11: Person | D11: Wikipedia | E11: 4.9907407 | F11: 1.0808042 | G11: 108 | H11: 4.1153846 | I11: 1.6505821 | J11: 104
A12: I390 | B12: Gazing 2 | C12: Person | D12: Pixabay | E12: 5.1078431 | F12: 1.0138336 | G12: 102 | H12: 3.3762376 | I12: 1.5990715 | J12: 101
A13: I716 | B13: School 1 | C13: Person | D13: Pixabay | E13: 5.1470588 | F13: 1.1292428 | G13: 102 | H13: 3.1485149 | I13: 1.3812034 | J13: 101
... A49: I404 | B49: Grass 6 | C49: Scene | D49: Pixabay | E49: 5.1584158 | F49: 1.074548 | G49: 101 | H49: 2.8543689 | I49: 1.7954614 | J49: 103
D51: Min valence | E51: =min(E2:E49) -> 1.1980198 | G51: Min arousal | H51: =min(H2:H49) -> 2.2038835
D52: Max valence | E52: =max(E2:E49) -> 5.2254902 | G52: Max arousal | H52: =max(H2:H49) -> 5.1485149
D53: Average valence | E53: =AVERAGE(E2:E49) -> 3.4580549 | G53: Average arousal | H53: =average(H2:H49) -> 3.7924765

Sheet Phase 2 foils
B1: Theme | C1: Category | D1: Source | E1: Valence_mean | F1: Valence_SD | G1: Valence_N | H1: Arousal_mean | I1: Arousal_SD | J1: Arousal_N
A2: I209 | B2: Dead bodies 2 | C2: Person | D2: Wikipedia | E2: 1.2475248 | F2: 0.698655 | G2: 101 | H2: 4.4757282 | I2: 2.3715828 | J2: 103
A3: I696 | B3: Sad face 9 | C3: Person | D3: Pixabay | E3: 2.3148148 | F3: 0.90324594 | G3: 108 | H3: 4.2596154 | I3: 1.8380825 | J3: 104
A4: I363 | B4: Frustrated pose 2 | C4: Person | D4: Pixabay | E4: 2.6372549 | F4: 0.8650441 | G4: 102 | H4: 3.4851485 | I4: 1.6589989 | J4: 101
A5: I843 | B5: Toast 1 | C5: Person | D5: Pixabay | E5: 4.8019802 | F5: 1.2885636 | G5: 101 | H5: 3.6699029 | I5: 1.5300157 | J5: 103
A6: I176 | B6: Cold 6 | C6: Person | D6: Pixabay | E6: 4.9607843 | F6: 1.0983477 | G6: 102 | H6: 4.2871287 | I6: 1.6330134 | J6: 101
A7: I31 | B7: Astronaut 2 | C7: Person | D7: Pixabay | E7: 5.1372549 | F7: 1.1521759 | G7: 102 | H7: 3.6732673 | I7: 1.594421 | J7: 101
A8: I82 | B8: Bloody knife 1 | C8: Object | D8: Flickr/Maarten Van Damme | E8: 1.8431373 | F8: 1.0600308 | G8: 102 | H8: 4.5445545 | I8: 1.9366195 | J8: 101
A9: I309 | B9: Feces 1 | C9: Object | D9: Wikipedia | E9: 2.1372549 | F9: 1.0344484 | G9: 102 | H9: 3.0693069 | I9: 1.9455458 | J9: 101
A10: I650 | B10: Prison 2 | C10: Object | D10: Pixabay | E10: 2.6203704 | F10: 1.1817743 | G10: 108 | H10: 3.1826923 | I10: 1.6823725 | J10: 104
A11: I840 | B11: Timber 2 | C11: Object | D11: Pixabay | E11: 4.3333333 | F11: 0.99834847 | G11: 102 | H11: 2.1089109 | I11: 1.4553418 | J11: 101
A12: I668 | B12: Rocks 1 | C12: Object | D12: Pixabay | E12: 4.6764706 | F12: 0.95608282 | G12: 102 | H12: 2.4158416 | I12: 1.4850409 | J12: 101
A13: I796 | B13: Statue 2 | C13: Object | D13: Pixabay | E13: 5.0392157 | F13: 1.3564774 | G13: 102 | H13: 3.3663366 | I13: 1.4881046 | J13: 101
... A25: I805 | B25: Street 3 | C25: Scene | D25: Pixabay | E25: 5.0588235 | F25: 0.94212241 | G25: 102 | H25: 3.3069307 | I25: 1.7305639 | J25: 101
D27: Min valence | E27: =min(E2:E25) -> 1.2475248 | G27: Min arousal | H27: =min(H2:H25) -> 2.1089109
D28: Max valence | E28: =max(E2:E25) -> 5.1372549 | G28: Max arousal | H28: =max(H2:H25) -> 5.4554455
D29: Average valence | E29: =average(E2:E25) -> 3.4509541 | G29: Average arousal | H29: =average(H2:H25) -> 3.8054559
